date,temperature_2m_max,temperature_2m_min,temperature_2m_mean,precipitation_sum
2010-01-04,-15.013,-20.012999999999998,-17.941645875,0.32500001
2010-01-11,-10.612999714285715,-20.948714285714285,-16.49424942857143,0.45714285714285713
2010-01-18,0.1298571428571429,-7.498714285714286,-3.955261985714286,0.0
2010-01-25,-0.46299999999999997,-4.520142714285714,-2.8698454114285714,0.6285714571428571
2010-02-01,-8.505856857142856,-16.463000285714283,-12.917762142857143,0.4285714
2010-02-08,-2.427285714285714,-9.698714142857142,-6.7951426999999995,1.1285714428571427
2010-02-15,-7.227285571428571,-13.162999857142855,-10.624904857142857,0.2285714285714286
2010-02-22,-3.855857142857143,-11.898713857142857,-8.325202142857142,0.0
2010-03-01,-2.9772857142857143,-10.005857,-6.982643242857143,0.0
2010-03-08,3.9155715714285715,-3.0415712864285713,-0.08323803428571429,1.5
2010-03-15,3.515571428571429,0.33699998785714286,1.3405713914285715,5.457143114285714
2010-03-22,10.794143,-2.6987142864285714,2.3619999014285713,0.014285714285714287
2010-03-29,13.865571428571428,-0.22014285714285714,5.710809385714286,0.014285714285714287
2010-04-05,18.46557142857143,4.229857137142857,10.011999514285716,0.6428571571428572
2010-04-12,17.065571428571428,4.401285711428572,10.012892614285715,0.6571428428571429
2010-04-19,19.922714142857142,8.52271442857143,13.654261642857142,2.028571414285714
2010-04-26,16.501285714285714,7.294143,11.465273100000001,4.885714285714285
2010-05-03,16.694142857142857,6.179857285714285,10.839082928571429,0.3571428714285715
2010-05-10,13.722714857142858,4.908428568571429,8.525392371428572,3.0571430285714283
2010-05-17,16.237000000000002,6.037,10.529559014285715,1.9857142285714287
2010-05-24,25.744142571428572,12.06557142857143,18.494141857142857,3.271428385714286
2010-05-31,27.451285428571428,15.137000285714285,20.777474285714284,3.4142857142857146
2010-06-07,25.265571285714287,14.687,19.400393,2.285714314285714
2010-06-14,23.45128557142857,15.001286000000002,18.218844999999998,16.071428171428572
2010-06-21,26.487,15.279857142857143,20.460213714285715,2.6714285714285713
2010-06-28,29.472714,18.09414257142857,23.349201571428573,2.9142856285714283
2010-07-05,31.479856428571427,20.979856714285717,25.739082285714286,0.8571428571428571
2010-07-12,27.708428142857144,16.97271442857143,21.831939714285713,11.128570971428571
2010-07-19,32.765570857142855,19.479856714285717,25.34205742857143,5.214286
2010-07-26,29.194142857142857,18.858428428571433,23.637297,1.0714285285714287
2010-08-02,31.422714142857142,21.01557114285714,25.923902571428574,1.2714286285714285
2010-08-09,30.672714000000003,20.158428571428573,25.09533257142857,14.514285714285714
2010-08-16,29.47271342857143,19.408428142857144,23.94979657142857,3.271428714285715
2010-08-23,32.129856857142855,20.208428571428573,25.534024285714285,0.014285714285714287
2010-08-30,32.42985657142857,19.801285714285715,25.680153142857144,0.07142857142857142
2010-09-06,24.65842842857143,13.837000142857145,18.727178000000002,4.600000285714286
2010-09-13,24.265571285714287,13.937000571428571,18.635809285714284,1.7857142857142858
2010-09-20,21.536999571428574,11.144143142857144,14.740869857142858,2.0142857142857142
2010-09-27,21.229857000000003,10.079857571428573,15.146522857142857,2.2571427285714285
2010-10-04,21.429857000000002,8.829857714285714,14.534321857142857,0.0
2010-10-11,26.10128542857143,12.52985757142857,18.181344142857142,0.39999997142857147
2010-10-18,19.629856999999998,7.808428714285713,12.556344857142857,0.0
2010-10-25,18.687,8.094143142857144,12.525393,1.7714285714285716
2010-11-01,12.03700042857143,2.6941428571428574,6.339976128571428,1.2857143714285715
2010-11-08,17.187,3.494142857142857,9.257535500000001,0.04285714285714286
2010-11-15,9.101285714285714,1.1655714285714287,4.9120003,0.2571428571428572
2010-11-22,4.115571571428572,-3.098714285714286,-0.3353216285714287,0.5142857571428572
2010-11-29,1.3084285714285715,-7.998714285714286,-4.333535607142857,0.1142857142857143
2010-12-06,-0.827285717142857,-7.513,-4.781750100000001,0.05714285714285715
2010-12-13,-1.798714142857143,-11.212999714285715,-7.573714685714286,1.01428572
2010-12-20,-3.798714285714286,-11.163000142857143,-7.917761914285713,0.5999999857142857
2010-12-27,-2.963,-9.462999428571427,-7.207642742857142,0.32857144285714285
2011-01-03,-4.463,-15.098714142857144,-9.9641897,3.8428572857142855
2011-01-10,-5.0487139999999995,-13.341570857142857,-9.536511685714286,1.1142857285714285
2011-01-17,-7.098714285714286,-16.748714142857143,-12.780560271428572,0.32857144285714285
2011-01-24,-6.227285574285714,-17.205857285714284,-13.0915705,0.6857142857142857
2011-01-31,-1.5130000057142856,-10.470142714285714,-6.7558574857142855,0.7571427857142857
2011-02-07,-4.9201428599999995,-13.363,-10.126095203285715,0.48571431428571427
2011-02-14,-0.6987141428571431,-11.363,-6.518654595714286,0.0
2011-02-21,4.022714857142858,-5.3701428571428576,-1.8055595857142859,4.057143171428572
2011-02-28,-7.748714,-19.570142857142855,-14.98681,0.6857142857142857
2011-03-07,-7.948714,-14.555857000000001,-11.1948455,0.14285715
2011-03-14,0.7012857142857142,-8.241571142857143,-4.8549645,1.0285714857142858
2011-03-21,15.315571857142857,1.5369999992857142,6.745035785714285,0.34285716285714285
2011-03-28,4.208428571428572,-2.255857142857143,0.2878928585714286,1.4714285857142857
2011-04-04,11.065571714285714,0.40128570857142865,4.886404714285715,0.7142857571428571
2011-04-11,15.608428571428572,4.551285714285714,9.310809785714286,1.1857143142857143
2011-04-18,8.658428714285714,0.3012857128571428,3.724202407142857,5.428571571428572
2011-04-25,11.072714571428572,1.91557143,5.822118957142857,3.0142858714285716
2011-05-02,14.594143142857144,4.051285714285714,8.661999714285715,0.5714285857142857
2011-05-09,20.70128557142857,8.487000285714286,13.8914636,0.6714285714285715
2011-05-16,16.86557157142857,6.844142857142857,11.176881,5.085714585714285
2011-05-23,19.408428428571426,10.172714857142859,14.752178142857144,3.728571357142857
2011-05-30,19.472714,9.922714571428571,14.376583857142858,4.385714257142857
2011-06-06,27.544142857142855,13.94414285714286,20.121225714285714,1.0285713285714286
2011-06-13,24.772714,14.44414285714286,19.017654285714286,2.4285712914285713
2011-06-20,26.072713714285715,15.437000142857142,20.237892285714285,9.728570857142858
2011-06-27,23.758428285714285,15.065571571428572,18.912595285714286,19.557143157142857
2011-07-04,30.722714285714286,17.779856857142857,23.42539214285714,4.214285857142857
2011-07-11,30.59414257142857,19.529857,24.81854542857143,4.214286042857143
2011-07-18,31.77985642857143,21.70128514285714,26.194141714285713,2.3714287428571432
2011-07-25,33.96557085714286,22.858428428571425,27.90158314285714,0.6571429142857143
2011-08-01,34.022714,22.722714285714286,27.874499857142858,4.914285442857143
2011-08-08,31.10842857142857,20.65842842857143,25.580152714285713,1.3714284857142858
2011-08-15,27.965571285714287,17.279857142857143,22.454559142857143,2.357142857142857
2011-08-22,28.594142428571427,18.10842842857143,22.592653285714285,3.600000042857143
2011-08-29,32.09414257142857,19.21557142857143,25.016761,1.4142855714285714
2011-09-05,27.79414242857143,16.765571714285716,21.407237428571428,2.0
2011-09-12,28.194142857142857,14.715571571428573,21.371523857142854,0.0
2011-09-19,21.001285714285718,9.02271457142857,13.98819,0.7142857342857144
2011-09-26,21.529856857142857,8.84414342857143,14.608726285714285,0.014285714285714287
2011-10-03,27.836999714285717,11.644143,18.46467842857143,0.0
2011-10-10,24.25842857142857,15.237000428571429,18.789379857142855,7.6428572571428575
2011-10-17,16.515571571428573,7.358428571428571,11.534321528571429,0.05714285714285715
2011-10-24,15.036999857142858,3.8370001428571427,8.609618842857143,0.07142857142857142
2011-10-31,12.587000428571429,2.2584285714285715,6.693845271428572,0.0
2011-11-07,11.32985742857143,1.6869999999999998,5.7372976428571425,0.6714285857142858
2011-11-14,11.501285999999999,1.2941428514285716,5.285809385714286,0.0
2011-11-21,3.3584285714285715,-6.420143,-2.026095257142857,1.2285712857142859
2011-11-28,9.029857285714286,-2.755857142857143,1.7444403428571427,0.0
2011-12-05,2.6727142857142856,-5.234428285714285,-2.142464424285714,0.1142857142857143
2011-12-12,2.4584287085714287,-6.727285714285714,-3.4237146857142853,0.0
2011-12-19,3.608428568571429,-3.9772857142857143,-1.268952442857143,0.04285714285714286
2011-12-26,5.744142857142857,-3.7201428628571427,-0.004666728571428612,0.15714285714285717
2012-01-02,5.0727142857142855,-2.713,0.885809547142857,0.21428571428571427
2012-01-09,9.337000285714286,-1.8701428571428573,2.1063452857142857,0.0
2012-01-16,4.987000142857142,-6.6772854285714285,-2.4004998892857143,0.5142857142857143
2012-01-23,-2.8129997142857137,-12.541571142857142,-8.470440514285714,1.78571435
2012-01-30,4.594143000000001,-6.155857005714286,-1.2582384285714283,0.18571428571428572
2012-02-06,7.0012858571428565,-3.3987142857142856,0.6396786499999999,0.0
2012-02-13,1.9155714285714285,-10.655856857142856,-6.185619157142857,0.0
2012-02-20,7.837000285714287,-4.227285571428571,0.28640474857142856,1.5857142857142856
2012-02-27,3.8441428542857143,-6.684428571428571,-2.1618094442857143,1.6571427142857142
2012-03-05,1.6512857142857142,-7.762999714285714,-3.307642871428572,5.3999999999999995
2012-03-12,15.465571285714287,-0.24157128571428568,6.019143038285714,0.2000000142857143
2012-03-19,23.186999571428572,7.979857142857143,14.237296714285716,0.0
2012-03-26,18.851285714285716,5.3227142857142855,11.037000214285714,0.21428571999999999
2012-04-02,23.786999714285713,10.072714857142858,15.765273857142859,0.74285715
2012-04-09,17.465571142857144,5.408428857142857,10.9036665,0.6285714285714287
2012-04-16,14.879857571428573,4.637000285714286,9.091762071428573,5.857142857142857
2012-04-23,18.458428571428573,5.522714285714286,10.585214357142858,1.3142857142857143
2012-04-30,21.515571285714287,8.787000142857142,14.387297571428572,4.471428785714286
2012-05-07,22.80842857142857,12.258428857142857,17.143250428571427,2.6142854285714288
2012-05-14,23.12985714285714,7.665571571428571,14.438786142857143,0.0
2012-05-21,28.029856857142857,14.75842857142857,20.126583571428572,1.3000000428571428
2012-05-28,24.615571428571428,13.544143,18.272714285714287,2.757142714285714
2012-06-04,22.979857000000003,11.022714285714287,16.200690785714286,1.4000000285714285
2012-06-11,31.54414242857143,18.43700014285714,24.600392571428568,0.5571428714285714
2012-06-18,31.922714000000003,16.765571285714284,23.923904714285715,2.2857142857142856
2012-06-25,30.951285000000002,18.651285857142856,24.429558714285715,4.5285714285714285
2012-07-02,34.879856857142855,22.272714,27.687893285714285,4.314285714285714
2012-07-09,32.40842828571429,22.179856714285712,27.137297714285715,0.9714286428571428
2012-07-16,36.16557114285714,22.944142571428575,29.284914285714283,0.32857142857142857
2012-07-23,39.20128571428571,25.758428428571428,32.12717828571429,0.48571428571428577
2012-07-30,35.272714,21.715571000000004,28.114381428571427,0.21428571428571427
2012-08-06,32.77985685714286,19.572714142857144,25.602773000000003,3.4285714342857143
2012-08-13,29.07271414285714,17.544142857142855,23.136403714285713,0.5
2012-08-20,27.958428142857144,14.922714571428571,21.15961942857143,0.09999999999999999
2012-08-27,33.72985657142857,18.772714285714283,25.48729757142857,0.07142857142857142
2012-09-03,36.82271428571429,22.886999714285714,28.851582714285716,0.21428571428571427
2012-09-10,30.408428285714283,15.622714285714286,21.76944057142857,0.09999999999999999
2012-09-17,28.45842842857143,14.515572,20.297712785714285,0.6714285714285715
2012-09-24,23.37985714285714,9.994143,15.454559285714286,0.028571428571428574
2012-10-01,25.872713857142855,11.694143285714286,18.469439571428573,0.3
2012-10-08,17.35128585714286,5.408428857142858,10.136701942857144,0.014285714285714287
2012-10-15,19.26557142857143,5.801285857142857,10.903368657142858,0.1142857142857143
2012-10-22,17.301285714285715,7.401285714285714,11.586106357142857,0.22857145714285718
2012-10-29,11.537000285714285,1.4155714285714287,5.363488557142857,0.7714285714285715
2012-11-05,12.408428714285716,2.8512857142857144,6.494142785714286,0.5142857142857143
2012-11-12,8.487000142857143,0.051285708571428605,3.9611071142857144,0.5285714285714286
2012-11-19,11.001285714285714,-1.063,3.4536665,0.0
2012-11-26,9.744143,-1.1772857142857143,2.785214242857143,0.028571428571428574
2012-12-03,10.008428714285714,-1.412999862857143,2.5584286371428573,0.04285714285714286
2012-12-10,5.629857142857143,-4.141571285714286,-0.5531787428571427,2.0428570857142856
2012-12-17,0.36557142785714286,-7.312999857142857,-4.212107357142857,0.0
2012-12-24,-2.5129998571428573,-12.348714142857144,-7.970738242857143,0.07142857142857142
2012-12-31,-5.234428574285714,-13.398714285714286,-9.92044,0.18571430000000003
2013-01-07,1.0155714228571429,-9.870142428571429,-4.690083314285714,0.08571428571428572
2013-01-14,1.744143,-8.705857,-4.321928602857143,0.7428571428571429
2013-01-21,2.4870002857142857,-7.127285429285714,-3.4609168657142857,0.15714286285714282
2013-01-28,1.329857142857143,-8.384428428571429,-5.059428371428572,0.6
2013-02-04,2.708428571428571,-10.87728557142857,-5.696333314285715,0.7714285571428572
2013-02-11,5.008428571428572,-3.9558571428571425,-0.4475238042857143,2.585714285714286
2013-02-18,4.165571428571428,-7.477285571428571,-2.664190457857143,0.2714285857142857
2013-02-25,-1.0844285714285715,-11.584428142857144,-7.285619585714286,0.8428571571428571
2013-03-04,4.644143,-5.655857142857143,-1.5662737314285715,0.028571428571428574
2013-03-11,6.551285857142857,-6.141571428571429,-1.58740484,0.9714285714285715
2013-03-18,9.329857142857142,-5.3058571428571435,0.2578334214285714,0.09999999999999999
2013-03-25,1.5441428542857143,-7.212999714285715,-3.5025834571428573,0.5285714428571429
2013-04-01,12.344143,-3.1987142857142854,3.2652737857142857,0.05714285714285715
2013-04-08,16.801285571428572,0.05842857142857153,6.887297742857143,0.35714285714285715
2013-04-15,0.5441428514285714,-5.2987141428571425,-2.8853215428571426,9.0000003
2013-04-22,2.5227142857142857,-4.37014272,-1.2951428642857141,2.8428570714285715
2013-04-29,17.072714142857144,0.0012857142857142076,7.822118907142857,0.2000000142857143
2013-05-06,14.158428571428573,2.229857287142857,8.068250157142858,0.17142857142857143
2013-05-13,22.80842842857143,7.336999999999999,14.027773428571427,0.8285714285714285
2013-05-20,25.758428428571428,15.008428714285714,19.59949957142857,7.214285671428572
2013-05-27,18.329857285714287,10.108429000000001,13.713189999999999,2.3142858342857147
2013-06-03,21.172714000000003,11.865571857142857,15.67241635714286,7.557142885714286
2013-06-10,22.165571142857143,11.329857285714285,16.22628585714286,5.242857285714286
2013-06-17,26.45842842857143,15.429857285714286,20.271224285714286,2.3142855714285715
2013-06-24,28.15842814285714,18.294142714285716,22.750987857142857,3.1571428842857143
2013-07-01,29.701285428571428,17.70842842857143,23.994738,0.0
2013-07-08,32.201285,19.758428285714285,25.876582285714285,0.9714285714285714
2013-07-15,33.00128514285714,21.865571142857142,26.969736285714283,3.628571285714286
2013-07-22,31.944142571428568,21.022714285714283,26.011701714285714,2.857142857142857
2013-07-29,25.351285714285716,15.00842857142857,19.804260714285714,4.057142814285714
2013-08-05,26.044142571428573,16.944142857142857,20.881939999999997,4.4285713
2013-08-12,26.458428142857144,17.05842842857143,21.609320142857143,5.1571425714285715
2013-08-19,26.994142714285715,17.029856857142857,21.53699885714286,1.6428570057142857
2013-08-26,33.486999714285716,21.951285714285714,26.92569242857143,0.17142857142857143
2013-09-02,33.55128571428571,20.651285714285713,26.915868857142858,0.0
2013-09-09,33.02985685714286,21.858428428571425,26.957237714285714,0.1285714285714286
2013-09-16,26.70128557142857,15.787,20.644439857142856,1.3571428142857143
2013-09-23,27.736999857142855,15.108428714285713,20.077773714285712,0.45714286428571427
2013-09-30,25.45128557142857,13.015571714285715,17.9387855,2.5714282857142856
2013-10-07,18.30842842857143,7.651286142857144,11.743547000000001,12.871428671428573
2013-10-14,18.529856857142857,9.044143,13.223607214285716,6.728571857142856
2013-10-21,10.851286,2.829857144285714,6.089381171428571,5.157143571428572
2013-10-28,10.96557157142857,1.3584285685714286,5.206047614285715,1.1285714142857144
2013-11-04,9.551286142857142,2.3655714249999997,5.177773721428571,0.45714288571428574
2013-11-11,8.887000285714285,-1.4629999985714286,2.632833451428571,1.2285713999999999
2013-11-18,9.722714571428572,-1.3558571428571429,2.991166685714286,0.31428572857142856
2013-11-25,4.944143142857143,-5.748714148571429,-1.7591312000000001,0.1142857142857143
2013-12-02,5.937000142857143,-4.3701428571428576,-0.9010951557142858,0.028571428571428574
2013-12-09,-9.905857142857142,-17.970143,-14.62639282857143,1.4142857000000002
2013-12-16,-3.4487142857142854,-14.905856714285715,-9.664190785714286,0.028571428571428574
2013-12-23,-8.041571142857142,-16.634428857142858,-12.354965114285715,0.6000000142857144
2013-12-30,-0.9987142857142857,-12.177285571428571,-6.549310058571429,0.24285714285714285
2014-01-06,-9.205856999999998,-19.813000142857142,-14.875499971428571,0.6571428571428571
2014-01-13,2.4155717142857145,-8.827285714285713,-4.082642466428571,0.0
2014-01-20,6.608428714285714,-4.9915714285714285,0.36616667714285717,0.3142857214285714
2014-01-27,2.0227145714285713,-12.505857285714285,-5.816571385714285,0.2857143
2014-02-03,0.8727144285714287,-12.891571142857144,-7.904666514285714,0.39999995714285713
2014-02-10,-7.705857,-18.420142857142856,-13.708535428571428,0.1285714285714286
2014-02-17,6.244143142857142,-6.312999714285715,-1.491571414285714,0.39999999999999997
2014-02-24,4.922714285714286,-5.8058567142857145,-1.7278809428571427,0.5
2014-03-03,-5.063000000000001,-18.07014285714286,-13.078178357142857,0.4857142285714286
2014-03-10,9.76557142857143,-5.905857142857143,-0.24722623714285724,0.0
2014-03-17,13.751285857142857,-1.4130000007142858,4.121225985714285,0.5571428714285714
2014-03-24,8.901285857142858,-4.520142857142857,0.6292618857142857,0.09999999999999999
2014-03-31,13.258428285714286,-4.398714142857143,2.2429522,0.7857142857142857
2014-04-07,8.122714285714286,-3.355857142857143,1.4911667714285712,0.41428571428571426
2014-04-14,18.41557142857143,2.279857142857143,9.371225848571427,0.15714285714285717
2014-04-21,19.387,2.0798572857142856,8.973606928571428,0.48571431428571427
2014-04-28,20.486999714285712,8.308428857142857,13.610808857142857,9.142856857142858
2014-05-05,13.894142714285715,3.229857142857143,8.161999971428571,2.742857142857143
2014-05-12,17.101285714285716,6.765571428571429,10.896821285714285,9.985714428571429
2014-05-19,16.894143,5.437000142857143,10.853070857142857,0.0
2014-05-26,24.751285285714285,13.629857428571428,18.986998714285715,2.3285714428571427
2014-06-02,26.979857,16.879856857142858,21.650093142857145,4.185714142857143
2014-06-09,22.144142428571428,12.22985742857143,16.831642714285714,5.257142857142857
2014-06-16,23.815571285714288,13.437000142857142,18.116166571428572,1.4714286142857145
2014-06-23,28.108428,16.329857142857144,21.727178428571428,1.4714284285714285
2014-06-30,27.936999714285715,17.11557157142857,22.20575014285714,5.4571432571428575
2014-07-07,28.67985685714286,16.844142714285713,22.25991528571429,0.42857142857142855
2014-07-14,29.08699985714286,17.436999714285715,22.795928571428572,2.899999857142857
2014-07-21,30.036999857142856,17.26557157142857,23.221522857142855,0.0
2014-07-28,31.544142714285716,19.137,24.502179,5.3999999999999995
2014-08-04,27.915571142857143,16.66557142857143,22.570630857142856,0.014285714285714287
2014-08-11,25.187,17.479857285714285,20.690571857142857,8.557143285714286
2014-08-18,28.30128542857143,18.065571285714288,22.981343142857146,2.0571428285714286
2014-08-25,27.90128557142857,18.244142857142858,22.511999428571432,5.371428571428572
2014-09-01,24.272713857142858,15.965571285714287,19.628367857142855,5.157143285714286
2014-09-08,27.172714000000003,14.887000285714285,20.147417285714287,0.10000000714285714
2014-09-15,17.051285714285715,7.565571428571429,11.405452285714286,1.2428571571428573
2014-09-22,25.729857000000003,12.744142857142858,18.52063085714286,0.014285714285714287
2014-09-29,27.42985657142857,15.522714285714287,20.75366585714286,1.0000000285714286
2014-10-06,18.801285428571425,8.594142857142858,12.785809542857143,0.7714285785714285
2014-10-13,17.344142571428574,8.422714571428571,12.265868285714285,0.2285714285714286
2014-10-20,19.894143000000003,8.115571428571428,13.134321857142856,0.0
2014-10-27,22.40128557142857,9.658429,14.716464071428572,0.6857143285714286
2014-11-03,12.901286285714287,2.9655714285714287,6.7304524,0.32857142857142857
2014-11-10,12.258428857142857,2.229857142857143,6.615571357142857,1.2857143000000002
2014-11-17,-6.105857142857142,-13.327285428571429,-10.231452185714286,0.8285714285714285
2014-11-24,1.501285845,-8.613,-4.440678685714286,0.0
2014-12-01,1.7655714285714288,-9.055856857142857,-5.090678767142856,0.0
2014-12-08,5.715571428571429,-5.034428571428571,-0.5713332634285714,0.0
2014-12-15,6.6298574285714285,-2.4130000000000003,0.8670595271428571,0.8000000571428572
2014-12-22,0.4727142857142858,-7.348714142857142,-4.5463331714285715,0.4428572
2014-12-29,-4.0487142885714285,-10.355857,-7.036512192857144,2.5999998714285715
2015-01-05,-9.134428714285715,-19.63442842857143,-14.719844942857142,0.34285714285714286
2015-01-12,-10.620142428571429,-22.127285857142855,-16.170143285714285,0.09999999999999999
2015-01-19,2.194142857142857,-9.091571428571429,-3.526095257142857,0.1285714342857143
2015-01-26,7.844143142857143,-1.055857142142857,2.0253928714285716,0.3
2015-02-02,6.394143285714286,-6.305857141428571,-2.2350238142857144,0.5857142857142856
2015-02-09,6.344143000000001,-5.505856857142858,-0.9091309,0.07142857142857142
2015-02-16,5.237,-8.241570999999999,-3.424309837142857,0.014285714285714287
2015-02-23,1.1155714285714284,-12.284428857142856,-7.149904885714285,0.24285714285714288
2015-03-02,2.0441428571428575,-10.141571285714287,-5.499905157142857,0.08571428571428572
2015-03-09,7.637000142857143,-6.241571428571428,-0.9749047142857142,1.1285713857142856
2015-03-16,20.179857,4.801285711428571,11.248904442857143,0.0
2015-03-23,13.522714714285716,-1.0415714285714286,5.086107371428571,0.028571428571428574
2015-03-30,14.59414314285714,0.6655714285714288,6.254857228571429,0.2571428571428572
2015-04-06,18.572714142857144,3.1727144228571427,9.789082914285714,0.04285714285714286
2015-04-13,15.56557142857143,4.644143,9.122713642857143,0.7571429057142858
2015-04-20,19.344142857142856,7.872714714285714,13.144738142857141,1.3285713714285714
2015-04-27,17.41557142857143,5.672714428571429,11.147417,1.442857157142857
2015-05-04,24.537000000000003,9.258428857142858,16.459619,0.2571428571428572
2015-05-11,16.344143,7.637000285714286,10.9575358,8.785714242857143
2015-05-18,20.215571285714287,9.251285857142857,13.942356285714286,4.099999914285715
2015-05-25,16.865571285714285,7.815571428571429,12.006940214285715,3.214285671428571
2015-06-01,22.444142714285714,11.07985742857143,16.004856999999998,2.742857292857143
2015-06-08,26.80842842857143,15.787000285714285,21.02003542857143,3.2857143342857142
2015-06-15,27.851285142857144,16.008428857142857,21.517653285714285,0.5285714428571429
2015-06-22,26.244142714285715,16.665571285714286,20.872119571428573,6.671428571428572
2015-06-29,28.12985714285714,16.365571714285714,22.347713285714285,0.2285714357142857
2015-07-06,29.972714142857143,18.95128557142857,23.748904142857146,4.514285714285714
2015-07-13,30.115571285714285,18.33699985714286,23.945629999999998,0.24285714285714285
2015-07-20,31.936999714285715,19.137,25.372415571428572,1.6285712857142858
2015-07-27,32.865570999999996,20.894142857142857,26.038784857142854,1.6714285714285715
2015-08-03,32.02985685714286,18.50842857142857,25.255453,0.5428571428571429
2015-08-10,29.851285285714287,19.622714,24.581641571428573,1.7142857142857142
2015-08-17,32.61557128571429,20.92985714285714,26.031642428571427,0.35714285714285715
2015-08-24,24.944142714285714,13.779857285714286,18.5128925,7.4000007142857145
2015-08-31,30.322714285714287,18.66557142857143,23.507536285714284,0.8571428571428571
2015-09-07,32.31557085714286,19.772714,25.405749857142858,0.04285714285714286
2015-09-14,26.429857142857145,13.922714714285714,19.567058857142857,0.6428571428571429
2015-09-21,27.33699985714286,14.422714571428571,19.855154142857142,1.7571427142857143
2015-09-28,25.051285714285715,16.265571142857144,19.836701857142856,4.899999714285714
2015-10-05,17.079857428571426,11.687,13.86646442857143,1.1999999571428572
2015-10-12,23.994142571428572,11.965571857142859,16.671821285714284,0.0
2015-10-19,19.636999857142857,7.429857285714285,12.800689857142856,0.0
2015-10-26,16.758428714285714,7.072714428571429,11.182833142857143,2.257143142857143
2015-11-02,14.694143142857143,4.336999994285714,8.631345128571429,0.20000001428571432
2015-11-09,14.137,4.187,8.167059471428571,2.414286142857143
2015-11-16,13.951285857142855,3.029857142857143,7.265273685714286,0.1142857142857143
2015-11-23,6.708428857142857,-3.027285714285714,0.7908688428571429,2.5142857142857147
2015-11-30,0.7512857071428571,-4.977285714285714,-2.7326427285714283,1.2000000142857143
2015-12-07,2.0155714228571426,-6.6772854285714285,-2.516274014285714,1.4000000000000001
2015-12-14,6.037000140000001,-0.11299999999999986,2.17539267,0.5857143428571429
2015-12-21,-2.363,-9.684428285714286,-6.4174645,1.6714284285714285
2015-12-28,-2.348714149285714,-12.898714,-7.813000557142857,1.9000000000000001
2016-01-04,-4.527285577142857,-13.198714285714285,-9.763000071428573,0.2857143142857143
2016-01-11,-4.934428431428572,-12.877285857142857,-9.461810128571429,0.11428572857142857
2016-01-18,-4.555857142857143,-17.313,-11.849607042857143,0.35714287142857143
2016-01-25,-1.4915714285714283,-8.184428428571428,-5.3320478,1.114285757142857
2016-02-01,3.537,-5.513,-1.27550009,0.0
2016-02-08,2.77271443,-5.534428285714285,-1.98621438,0.2571428714285714
2016-02-15,2.515571571428571,-6.263,-2.7591310914285714,1.2714285714285716
2016-02-22,11.679857428571427,-0.35585714571428584,4.494440392857142,0.9285714714285714
2016-02-29,9.837000285714286,-2.798714285714286,2.2840238114285714,1.0142857714285713
2016-03-07,11.30842857142857,-2.9344285714285716,3.1105119714285716,0.2571428571428572
2016-03-14,17.922714285714285,4.065571428571428,9.711702571428573,0.4428571428571428
2016-03-21,10.101285857142857,-1.063,3.667059525,0.17142857142857143
2016-03-28,12.215571714285716,-1.7487142857142857,3.9122974357142857,1.3857142914285714
2016-04-04,14.56557142857143,3.9084285685714284,7.981047057142857,2.1285714285714286
2016-04-11,15.701286142857144,2.9370000000000003,8.035512257142857,0.0
2016-04-18,17.71557142857143,6.365571571428572,10.834618942857144,12.899999428571428
2016-04-25,19.579857142857144,7.051285713571429,12.462595071428572,0.18571429142857143
2016-05-02,10.665571571428572,3.3012857142857146,6.760511628571429,9.85714277142857
2016-05-09,23.165571142857143,8.987000142857143,15.32390457142857,2.142857142857143
2016-05-16,16.837,5.851285714285715,11.139677642857142,1.957142857142857
2016-05-23,21.779857,11.179857571428572,16.334321714285714,1.757142857142857
2016-05-30,24.83699942857143,13.358428857142856,18.823903285714287,2.4714285428571428
2016-06-06,25.608428285714286,14.079857285714285,19.46914257142857,0.05714285714285715
2016-06-13,32.36557142857143,19.16557142857143,25.526880428571427,0.2714285714285714
2016-06-20,31.64414285714286,20.194142714285714,25.233725142857143,3.8857144285714287
2016-06-27,32.572713285714286,19.044142714285716,25.177178857142856,0.2571428571428572
2016-07-04,28.386999714285714,17.179857000000002,22.44295214285714,0.6000000057142857
2016-07-11,32.43699957142857,20.615571285714285,25.803071,4.8571428571428585
2016-07-18,29.37271385714286,17.765571142857144,23.35307142857143,0.5714285857142857
2016-07-25,35.90128542857143,22.744142857142858,28.990572000000004,0.9142857142857144
2016-08-01,31.03699957142857,20.636999857142857,25.34562957142857,3.214285435714286
2016-08-08,31.472714142857143,20.008428428571428,25.028963714285712,2.3857142857142857
2016-08-15,31.972713857142857,20.772714142857144,26.204260857142856,0.6000000142857144
2016-08-22,29.90128557142857,17.387,23.094144142857143,2.9714285142857144
2016-08-29,29.444142571428575,17.629857285714287,22.96259457142857,0.7142857285714286
2016-09-05,29.758428428571428,19.301285714285715,23.871821571428573,3.8285714285714287
2016-09-12,25.744142714285715,14.408428714285716,19.028963857142855,0.8857142857142858
2016-09-19,24.51557114285714,12.565572142857144,17.517952214285714,0.3714285857142857
2016-09-26,26.26557142857143,15.865571571428571,19.536999428571427,1.2428572142857142
2016-10-03,24.329857142857144,11.758428857142857,17.296522714285715,0.08571428571428572
2016-10-10,19.408428714285716,7.987000428571428,12.598011828571428,1.7857143
2016-10-17,21.972714142857143,9.151285857142856,13.881047414285714,0.4571428571428572
2016-10-24,18.137,6.765571428571429,11.462892571428572,0.34285714285714286
2016-10-31,20.265571571428573,9.879857428571428,13.421226,0.41428572
2016-11-07,20.708428285714287,8.737000142857143,13.680154714285715,0.05714285714285715
2016-11-14,17.329857285714287,5.487000142857143,10.513487428571429,0.0
2016-11-21,9.037000142857144,1.1584287142857141,4.268250246,1.1428571428571428
2016-11-28,5.908428714285714,-0.6844285714285715,1.9527737814285715,0.9428572285714286
2016-12-05,1.0584285657142858,-4.4344284342857145,-2.032642967142857,1.542857142857143
2016-12-12,-8.691571285714286,-15.641571285714283,-12.237107428571429,0.1285714357142857
2016-12-19,-8.070142714285714,-19.355856857142857,-14.592167428571429,1.6714285714285713
2016-12-26,1.5655714285714286,-7.355857,-3.2379998999999997,3.2857145714285716
2017-01-02,0.3275714342857143,-9.015285571428572,-4.508142928571429,0.14285714285714285
2017-01-09,-10.338857142857142,-22.124571428571432,-16.75403642857143,0.21428571999999999
2017-01-16,-6.753142857142857,-16.981714285714286,-12.586775142857144,0.64285715
2017-01-23,2.525428557142857,-8.295999971428571,-3.63558325,0.028571428571428574
2017-01-30,0.454000057142857,-4.9602857,-2.2629642857142858,2.5000000071428574
2017-02-06,-1.910285707142857,-10.124571442857143,-6.52635686,0.014285714285714287
2017-02-13,3.3897142857142852,-7.838857154285714,-3.078142685714286,0.4714285714285715
2017-02-20,15.4111429,1.2182856857142856,6.556678857142857,0.07142857142857142
2017-02-27,8.732571428571429,-2.3317142000000004,2.0444762128571425,0.4857143285714286
2017-03-06,10.561142857142856,-2.7745713285714286,2.584059622857143,0.07142857142857142
2017-03-13,0.8968571428571428,-7.060285714285714,-3.7885593428571425,1.1000000857142858
2017-03-20,14.139714285714287,-0.6174285571428572,4.867988457142857,0.3142856857142857
2017-03-27,12.989714285714285,1.703999992857143,6.168285828571428,0.8428571714285714
2017-04-03,13.946857142857143,3.8754285499999996,8.390309728571427,1.085714157142857
2017-04-10,17.118285714285715,4.403999992857143,9.744774157142857,3.2714285714285714
2017-04-17,17.975428571428573,3.9968572142857144,10.4108452,2.1285717142857146
2017-04-24,18.368285714285715,6.539714285714285,11.787927999999999,1.2142857571428571
2017-05-01,12.17542857142857,1.7254285928571431,6.409655157142857,0.2714285857142857
2017-05-08,24.261142857142858,9.554,16.599239428571426,0.07142857142857142
2017-05-15,25.225428571428573,12.439714285714286,18.48108392857143,0.5428571714285715
2017-05-22,18.675428571428572,9.225428614285715,13.098643142857142,2.199999971428571
2017-05-29,21.604000000000003,10.868285714285715,15.86084585714286,0.4
2017-06-05,29.482571428571426,14.289714285714284,22.170370571428574,0.09999999999999999
2017-06-12,33.26828571428572,19.27542857142857,25.51858628571429,6.285714257142858
2017-06-19,27.07542857142857,16.554,21.665012714285716,0.3428571428571429
2017-06-26,27.132571428571428,14.125428571428571,20.001917428571428,0.09999999999999999
2017-07-03,28.989714,16.054,21.747750857142854,0.35714285714285715
2017-07-10,35.825428571428574,20.632571428571428,27.68108414285714,0.15714285714285717
2017-07-17,35.36828571428571,21.64685714285714,27.852513,0.4000000142857143
2017-07-24,35.52542857142857,21.89685714285714,27.747751,0.8857142857142858
2017-07-31,30.28257142857143,20.961142857142857,25.529596142857145,5.057142714285713
2017-08-07,25.425428571428572,15.446857142857143,19.990013,4.928571471428571
2017-08-14,25.704,15.125428571428571,20.223940857142857,2.6285714285714286
2017-08-21,28.339714285714283,16.73257142857143,21.346559000000003,7.042857142857143
2017-08-28,27.939714285714285,15.975428571428571,21.492393714285715,0.45714285714285713
2017-09-04,30.561142571428572,18.57542857142857,23.717394285714285,0.5428571714285714
2017-09-11,27.111142857142855,14.711142857142859,20.490011857142857,0.028571428571428574
2017-09-18,26.52542857142857,14.661142857142858,19.722452142857144,1.1285714285714286
2017-09-25,21.889714285714287,13.461142857142857,16.923940785714287,10.028571285714284
2017-10-02,20.503999999999998,10.525428571428572,15.112929571428571,1.2571428
2017-10-09,16.818285714285715,8.604000000000001,12.182274285714286,0.5428571642857143
2017-10-16,16.239714285714285,3.832571485714286,9.535250357142857,1.342857142857143
2017-10-23,20.939714285714285,9.554000028571428,14.499238571428572,0.47142859285714284
2017-10-30,12.018285757142857,1.8754286,6.572452705714285,0.11428571428571428
2017-11-06,6.696857142857143,-2.117428542857143,1.6355478457142856,0.8142857571428571
2017-11-13,6.225428571428572,-4.167428571428571,-0.22546439857142872,0.47142859285714284
2017-11-20,10.32542857142857,-0.6388571285714285,3.552809742857143,0.20000001428571432
2017-11-27,13.339714285714285,-0.3317142857142856,5.309952305714285,0.18571430000000003
2017-12-04,10.625428614285713,-0.7388571428571427,3.8956667571428576,1.1428572857142856
2017-12-11,5.311142871428571,-3.2317142714285714,0.5200717285714287,0.42857145714285716
2017-12-18,7.5968572142857145,-0.4388570785714285,2.6617381142857144,0.15714285714285717
2017-12-25,-0.6745714300000001,-8.838857188571428,-5.3204046371428575,0.7428571428571429
2018-01-01,-14.610285714285714,-22.003142857142855,-18.340343214285717,0.8571428285714285
2018-01-08,-2.5317142857142856,-14.188857100000002,-8.682012491428571,0.0
2018-01-15,-3.3531428142857145,-12.838857142857142,-9.205226214285714,0.4999999714285714
2018-01-22,3.404,-6.310285685714285,-2.98975042,1.3714285857142856
2018-01-29,3.6754286142857144,-8.01742850857143,-3.222488085714286,0.07142857142857142
2018-02-05,2.2111429357142853,-10.381714285714285,-5.672488459999999,0.6285714285714287
2018-02-12,-8.688857142857144,-18.274571428571427,-13.932011857142857,1.042857142857143
2018-02-19,1.004,-11.431714242857144,-6.004630400000001,0.785714257142857
2018-02-26,-5.674571428571428,-14.538857142857143,-10.672785614285713,1.4428570857142857
2018-03-05,1.7611428642857143,-6.388857142857143,-2.7093925785714283,1.0285712857142857
2018-03-12,-0.010285721428571395,-8.317428571428572,-4.429630971428572,1.5571427914285714
2018-03-19,8.632571471428571,-2.688857137142857,1.3596547742857141,2.942857185714286
2018-03-26,9.275428571428572,-0.9888571428571428,2.9516192,1.2857143342857142
2018-04-02,9.68257142857143,-3.2388571285714285,1.7792977257142855,0.07142857142857142
2018-04-09,4.496857171428571,-7.810285671428572,-2.7471904442857142,1.6000000571428572
2018-04-16,7.118285742857142,-4.838857142857143,0.5673928428571429,3.9285712857142854
2018-04-23,8.918285714285714,-1.481714292757143,3.3694764257142857,0.9999999571428572
2018-04-30,18.518285714285714,5.711142928571428,11.462928928571428,0.5142857142857143
2018-05-07,22.954,9.275428571428572,15.805786285714285,0.9285714285714286
2018-05-14,20.189714285714285,9.904,14.003108000000001,5.0571426142857145
2018-05-21,23.68257142857143,11.911142857142858,17.161143714285714,2.4142856285714283
2018-05-28,31.175428571428572,16.98257142857143,24.00281042857143,1.0000000285714286
2018-06-04,28.632571428571428,16.618285714285715,22.114416857142857,1.2142856571428573
2018-06-11,31.739714285714285,18.239714285714285,24.675429428571427,1.1142857285714285
2018-06-18,28.446857142857144,17.27542857142857,22.09447785714286,4.257142857142857
2018-06-25,24.296857142857142,15.496857142857142,20.022154857142855,1.5428572142857142
2018-07-02,29.489714285714285,18.211142857142857,23.55013214285714,3.914285714285714
2018-07-09,33.311142857142855,21.546857142857142,27.05638242857143,0.3142856857142857
2018-07-16,33.09685685714286,20.675428571428572,26.051322571428567,0.7000000000000001
2018-07-23,29.57542857142857,18.675428571428572,24.081382285714284,1.7142856714285715
2018-07-30,27.118285714285715,16.911142714285713,21.94328657142857,2.1857142142857144
2018-08-06,31.41114285714286,18.69685714285714,24.351619571428568,0.6857142857142857
2018-08-13,34.26828571428572,20.161142857142856,27.068287714285713,0.028571428571428574
2018-08-20,28.468285714285713,17.704,22.425429285714284,3.3142857285714284
2018-08-27,30.011142857142858,16.304,22.530784714285716,0.04285714285714286
2018-09-03,29.046857142857142,16.489714285714285,21.86620214285714,0.5857142857142856
2018-09-10,26.861142857142855,16.796857142857142,21.282869285714288,1.2
2018-09-17,32.43257114285714,19.982571428571426,25.28495285714286,0.31428571428571433
2018-09-24,22.304,11.582571428571429,16.108465285714285,7.157143285714286
2018-10-01,14.718285714285715,7.711142942857143,10.690310142857143,2.300000285714286
2018-10-08,12.389714371428571,4.532571457142857,7.773047271428572,4.328571571428571
2018-10-15,7.111142928571428,0.018285734285714308,2.8790000857142855,4.999999814285714
2018-10-22,16.554,4.939714385714285,10.167095642857143,0.0
2018-10-29,15.746857142857142,5.668285757142857,10.144178499999999,0.6571428571428571
2018-11-05,8.961142942857142,2.4254286,5.543583671428571,1.8999997628571428
2018-11-12,0.3040000285714286,-7.195999971428571,-3.7096904285714283,0.5000000142857143
2018-11-19,6.239714285714285,-4.788857157142857,-0.7025475914285713,0.05714285714285715
2018-11-26,6.868285742857142,-2.7388570985714287,0.9423929057142857,0.028571428571428574
2018-12-03,2.1397142928571427,-3.6674285657142858,-1.518916395,2.3428572857142855
2018-12-10,1.4111428857142856,-6.717428528571429,-3.6376665714285714,0.042857142857142864
2018-12-17,7.432571428571428,-2.69599998,1.2828690942857144,0.3428571428571429
2018-12-24,6.511142857142858,-3.2102856714285717,0.8891191814285714,0.04285714285714286
2018-12-31,-1.9602857157142857,-12.281714242857143,-7.227845057142857,3.185714428571429
2019-01-07,-0.4817142800000003,-7.6888571514285715,-3.9147501457142857,0.04285714285714286
2019-01-14,2.1040000486714283,-5.860285714285714,-2.7010595571428575,0.028571428571428574
2019-01-21,-5.510285657142857,-13.210285714285716,-9.384095685714286,0.9999998571428572
2019-01-28,0.16828585714285701,-14.331714285714286,-8.012369014285714,0.8857143285714286
2019-02-04,-4.060285714285714,-16.303142857142856,-11.429035714285716,0.3428571571428571
2019-02-11,-12.396,-20.35314285714286,-16.85433242857143,0.9142857285714285
2019-02-18,-6.281714257142858,-16.88885714285714,-12.57963092857143,1.3857143857142855
2019-02-25,-8.124571385714287,-16.324571428571428,-12.562666957142856,1.342857192857143
2019-03-04,-11.281714242857143,-18.91742857142857,-15.994809714285717,0.8142857142857143
2019-03-11,-5.503142771428571,-13.203142857142856,-9.131714214285713,1.2142856285714285
2019-03-18,1.2897143172428573,-6.188857128571429,-2.3052261800000005,4.728571428571429
2019-03-25,5.268285785714285,-2.7317141857142855,0.81560734,0.2571428628571429
2019-04-01,12.639714142857143,-0.9459999714285713,4.276916728571428,0.6000000142857143
2019-04-08,16.31114285714286,4.046857185714286,8.941500614285713,0.3
2019-04-15,3.889714311428571,-3.2602856,0.07870239285714276,6.871428842857143
2019-04-22,18.482571428571426,4.146857128571428,10.113821542857142,1.2571428428571427
2019-04-29,16.954,4.582571457142857,10.047750685714286,4.042857142857143
2019-05-06,14.218285714285713,3.4254286285714284,7.810250471428572,1.6142856142857143
2019-05-13,14.2111429,4.868285714285714,8.7096553,4.671428542857143
2019-05-20,19.289714285714286,9.382571428571428,13.794179,4.314286214285714
2019-05-27,17.753999999999998,8.154,12.328106857142858,9.314286
2019-06-03,24.139714285714287,12.154,17.498346142857145,0.8000000428571429
2019-06-10,27.43257142857143,15.546857142857144,21.272750857142857,0.8142856914285714
2019-06-17,25.753999999999998,14.046857142857144,19.921857714285714,0.2857142857142857
2019-06-24,24.268285714285717,14.118285714285715,18.938524714285712,2.8714284142857145
2019-07-01,32.08257142857143,19.94685714285714,25.698047714285714,11.757142857142856
2019-07-08,28.761142857142858,19.218285714285713,23.457275285714285,3.6000001571428575
2019-07-15,31.753999999999998,20.27542857142857,25.78822657142857,0.07142857142857142
2019-07-22,29.739714285714285,20.08257142857143,24.95518985714286,10.085714114285716
2019-07-29,30.02542857142857,19.06114285714286,24.516202857142854,0.5571428142857143
2019-08-05,29.003999999999998,19.58257142857143,23.91471614285714,3.742857157142857
2019-08-12,29.839714285714283,18.468285714285713,23.62513257142857,2.200000157142857
2019-08-19,27.161142857142856,15.925428571428572,20.798049142857142,1.0714285714285714
2019-08-26,28.704,18.918285714285712,22.980787285714285,3.157143157142857
2019-09-02,25.704,15.125428571428571,19.553703000000002,0.9285714142857142
2019-09-09,27.604000000000003,16.596857142857143,21.07810742857143,3.528571714285714
2019-09-16,25.689714285714285,15.139714285714287,19.823345571428572,2.9428572857142856
2019-09-23,27.003999999999998,15.968285714285713,20.962632000000003,6.142857142857143
2019-09-30,21.654,11.78257142857143,16.100726428571427,0.7142856857142857
2019-10-07,14.761142857142858,5.704000057142857,9.6191786,1.557142885714286
2019-10-14,11.496857185814283,1.7754285642857144,5.63495261,3.0714284285714286
2019-10-21,14.632571428571428,4.518285785714285,9.019773628571429,1.7000001428571427
2019-10-28,9.504,-0.38885713571428576,3.979893028571429,1.0857142857142859
2019-11-04,4.675428657142858,-2.8031428714285718,0.4837618428571429,0.5
2019-11-11,5.761142857142858,-5.845999999999999,-1.2439166057142859,1.3142856571428572
2019-11-18,9.482571457142857,-2.4745714505714287,2.2242383,0.24285716428571427
2019-11-25,9.089714285714285,-0.6174285599999999,3.2531071500000004,0.0
2019-12-02,-1.3317142571428573,-5.2245713714285715,-3.2367734142857145,5.214285157142858
2019-12-09,1.9754286142857145,-6.095999957142857,-2.3617737585714287,0.2714285857142857
2019-12-16,-4.074571408571429,-15.17457142857143,-10.141833228571429,0.18571429285714286
2019-12-23,1.5682857485714286,-9.017428571428571,-4.281714157142857,0.0
2019-12-30,-0.696,-5.574571435714286,-3.3689165771428575,3.2714285771428573
2020-01-06,2.389714357142857,-6.195999914285714,-1.7903453142857144,0.08571428571428572
2020-01-13,-2.5245714085714286,-12.596,-8.113856928571428,0.21428574285714283
2020-01-20,-6.446,-18.246000000000002,-13.388261642857143,0.6285714
2020-01-27,0.9897143471428571,-7.6102856999999995,-3.2436190000000003,1.0428570857142858
2020-02-03,3.761142857142857,-3.1888570857142855,-0.18885720428571437,0.22857142857142856
2020-02-10,2.246857142857143,-7.374571342857143,-3.5751664,0.7142857142857143
2020-02-17,4.632571414285715,-9.66742852857143,-3.3584998428571424,0.14285714285714285
2020-02-24,5.011142857142858,-6.617428514285714,-2.6242738,0.042857142857142864
2020-03-02,7.546857142857143,-3.4602857,0.8066785999999999,0.6285714285714287
2020-03-09,13.939714285714286,0.26114294285714296,5.761440385714286,0.07142857142857142
2020-03-16,7.4968572,-1.6745713713285715,1.895666819142857,1.1285714342857143
2020-03-23,8.746857142857142,-4.253142857142857,1.1504285671428571,0.24285715714285713
2020-03-30,13.525428614285715,1.711142857142857,5.993583114285714,2.2142857
2020-04-06,13.475428571428571,-1.0102856285714288,4.429595514285714,1.21428572
2020-04-13,12.403999985714284,0.7968572428571427,5.028702279999999,0.8428571571428571
2020-04-20,10.989714414285714,-2.0674284714285713,3.6096549942857146,0.17142857142857146
2020-04-27,21.19685714285714,6.6111429,13.607571428571429,0.18571428571428572
2020-05-04,22.89685714285714,9.846857185714285,15.804894285714285,2.0999998714285715
2020-05-11,13.839714285714285,3.1397143142857145,7.943583828571429,1.4571429200000001
2020-05-18,17.24685714285714,6.968285757142858,11.7641188,3.485714242857143
2020-05-25,23.52542857142857,12.575428571428573,17.46382157142857,2.0142856714285715
2020-06-01,25.882571428571428,13.075428571428573,19.01560842857143,0.31428571428571433
2020-06-08,30.968285714285713,18.132571285714285,24.573643428571426,1.5714287200000001
2020-06-15,29.889714285714287,17.261142857142858,22.80161814285714,4.1571421428571425
2020-06-22,28.925428571428572,18.339714285714283,23.129298142857145,4.471428571428571
2020-06-29,30.704,18.56114285714286,24.522751714285715,1.6285715714285713
2020-07-06,33.03257142857143,20.68257142857143,26.899536428571427,0.18571428571428572
2020-07-13,32.58971428571429,20.689714285714285,26.22691814285714,0.9285714285714286
2020-07-20,31.611142857142855,18.768285714285714,24.57007157142857,1.0142857142857145
2020-07-27,31.818285714285715,20.69685714285714,25.965608142857143,1.1571428857142858
2020-08-03,29.33257142857143,18.489714285714285,23.858166571428573,0.45714284285714285
2020-08-10,30.854000000000003,18.475428571428573,24.120073285714284,0.4
2020-08-17,33.404,18.989714285714285,25.834059857142858,0.07142857142857142
2020-08-24,35.139714285714284,21.511142857142858,28.23495457142857,0.12857142857142856
2020-08-31,32.204,19.53257142857143,25.43108557142857,0.9142857142857144
2020-09-07,30.596857142857143,14.92542857142857,21.74923742857143,0.45714282857142857
2020-09-14,19.94685714285714,8.725428571428571,13.327215571428571,1.3999999285714286
2020-09-21,27.475428571428573,14.17542857142857,20.150429285714285,0.0
2020-09-28,25.011142857142858,14.475428571428571,19.901916857142858,0.014285714285714287
2020-10-05,20.211142857142857,7.768285714285715,13.314417357142856,0.4571428571428572
2020-10-12,24.518285714285717,10.303999899999999,17.52156,0.014285714285714287
2020-10-19,11.425428571428572,4.003999985714286,7.966797814285714,0.31428572857142856
2020-10-26,1.3754286285714286,-3.8745714285714286,-1.6849878942857142,3.7142858142857142
2020-11-02,10.782571457142856,-1.5031427842857141,3.7956667142857143,0.0
2020-11-09,20.975428571428573,7.2611429,13.18554837142857,0.5142857142857143
2020-11-16,8.57542857142857,-1.6102856428571428,2.3048929085714285,0.014285714285714287
2020-11-23,11.711142857142859,0.7611428557142857,5.241499942857144,0.028571428571428574
2020-11-30,7.439714371428571,-3.3459999857142857,1.05876192,0.0
2020-12-07,8.154000071428571,-1.938857152,2.1197739057142857,0.0
2020-12-14,4.018285714285715,-2.4102857285714285,0.49745260857142853,0.028571428571428574
2020-12-21,6.011142942857142,-4.7317142514285715,-0.109690352857143,0.014285714285714287
2020-12-28,3.4682857142857144,-7.353142857142857,-2.7805234,1.1428571428571428
2021-01-04,3.01114284,-7.638857128571429,-2.8626663428571426,1.0285714285714287
2021-01-11,4.568285757142857,-1.6031428285714284,0.8039999964285715,0.014285714285714287
2021-01-18,6.6968571571428575,-1.4674284928571428,1.5465594671428569,0.2714286
2021-01-25,1.353999977142857,-5.6317143,-2.472190585714286,0.5857143342857143
2021-02-01,1.6897143142857143,-7.196,-3.858499628571429,0.08571428571428572
2021-02-08,-1.2745714142857143,-12.010285714285715,-7.7986787714285715,0.44285717142857145
2021-02-15,-14.431714285714287,-20.903142857142857,-17.646299285714285,0.31428574285714284
2021-02-22,1.082571471428571,-12.846000002857142,-7.411476821428571,0.32857142857142857
2021-03-01,7.832571428571428,-4.038857142857142,1.3545954514285714,0.8285714285714285
2021-03-08,16.189714285714285,0.7039999857142858,7.477809528571429,0.0
2021-03-15,10.303999985714286,-0.2817142357142858,4.628999925714285,6.157142985714286
2021-03-22,10.839714285714285,-0.0102856742857144,4.950726115714287,0.4142857571428572
2021-03-29,14.439714285714286,1.7182857928571431,6.984357428571428,0.5714285857142857
2021-04-05,19.43257142857143,2.3468571857142857,10.212333212857143,0.014285714285714287
2021-04-12,14.361142857142855,2.5397143428571427,7.3022145,4.600000014285714
2021-04-19,9.289714414285713,-0.2317142642857142,3.9432859428571425,0.32857144285714285
2021-04-26,13.339714285714285,0.38971432571428555,6.287631071428572,0.6428571214285714
2021-05-03,23.08257142857143,9.475428614285715,15.694477000000001,0.47142858571428575
2021-05-10,16.33257142857143,4.796857142857143,9.955488071428572,2.7571428
2021-05-17,21.28257142857143,8.703999999999999,14.897749928571429,1.8714287142857142
2021-05-24,27.225428571428573,14.575428571428573,20.31382214285714,1.4571428857142856
2021-05-31,21.89685714285714,9.775428571428572,14.866500571428572,2.7571434428571426
2021-06-07,34.01828571428572,18.568285714285715,25.89001257142857,0.0
2021-06-14,34.19685714285715,20.711142857142857,27.411443,0.14285714285714285
2021-06-21,31.382571428571428,19.361142857142855,25.262035714285712,0.11428572142857142
2021-06-28,30.83257142857143,18.175428571428572,23.905489,0.5571428571428572
2021-07-05,34.28971428571429,20.918285714285712,27.669478857142856,0.09999999999999999
2021-07-12,30.096857142857143,18.475428571428573,23.743882142857142,2.6285714285714286
2021-07-19,31.289714285714286,19.654,25.230488857142856,2.9142857142857146
2021-07-26,35.11114285714286,22.639714285714287,28.790311285714285,0.05714285714285715
2021-08-02,33.47542857142857,20.575428571428574,26.307869,1.257143
2021-08-09,31.889714285714287,19.918285714285712,25.718585142857144,0.2
2021-08-16,32.168285714285716,20.268285714285714,25.74477442857143,0.014285714285714287
2021-08-23,31.825428571428574,19.675428571428572,25.139416714285716,5.028571428571429
2021-08-30,29.625428571428575,18.11114285714286,23.275726571428574,1.3
2021-09-06,26.539714285714286,16.261142714285715,20.898345714285714,9.157142857142857
2021-09-13,27.003999999999998,15.439714285714286,20.664417571428572,1.0285714000000001
2021-09-20,28.132571428571428,16.239714285714285,20.944774285714285,0.8714285714285713
2021-09-27,25.889714285714287,11.68257142857143,18.03733378571429,0.028571428571428574
2021-10-04,25.639714285714287,14.111142857142855,19.194477,3.585714571428571
2021-10-11,23.839714285714283,13.132571428571428,18.223345428571427,0.8285714285714285
2021-10-18,16.804,6.004,11.169774,2.114286
2021-10-25,12.07542857142857,3.5468571428571427,7.365309914285715,2.185714142857143
2021-11-01,12.53971432857143,4.175428571428571,8.129000085714285,0.4000000285714286
2021-11-08,14.318285714285713,1.8325714285714285,7.37959478,0.37142857142857144
2021-11-15,10.525428571428572,1.0397143142857144,4.643583422857143,0.4571428571428572
2021-11-22,8.482571471428571,-0.5174285285714285,3.4310833942857144,0.028571428571428574
2021-11-29,9.289714314285714,-1.3531428028571428,3.096559892857143,0.014285714285714287
2021-12-06,9.489714271428571,0.5540000357142857,4.676322042857143,0.05714285714285714
2021-12-13,4.475428571428571,-4.560285697142858,-0.8582023714285715,1.1142857142857143
2021-12-20,3.368285757142857,-6.7674285,-2.5852855142857143,0.8714285714285713
2021-12-27,3.7540000300000003,-6.345999999999999,-1.9674282857142857,0.04285714285714286
2022-01-03,-4.445999985714285,-16.396,-11.481714499999999,0.7714285285714285
2022-01-10,-3.510285635714286,-14.181714285714287,-9.66832182,0.0
2022-01-17,6.918285742857143,-3.0245713857142857,1.035250057142857,0.2857143
2022-01-24,4.718285757142858,-8.896000042857143,-3.2165357614285712,0.3428571571428571
2022-01-31,5.554,-6.574571428571429,-1.9323090749714285,0.07142857142857142
2022-02-07,2.6111429,-9.860285714285713,-4.59332172,0.0
2022-02-14,8.182571414285714,-5.738857128571429,-0.14867823714285713,0.24285714857142857
2022-02-21,6.339714285714286,-6.681714242857143,-2.0864759285714283,0.21428574285714283
2022-02-28,-2.310285714285714,-15.160285714285715,-10.259987314285713,1.228571242857143
2022-03-07,5.911142885714286,-3.967428542857143,0.07007139999999991,0.7428571142857143
2022-03-14,4.6825714142857136,-8.8888571,-3.1784402285714286,0.1142857142857143
2022-03-21,16.604,0.65400002,7.280785757142858,0.0
2022-03-28,11.782571428571428,-2.353142857142857,3.5471548457142856,0.0
2022-04-04,10.461142857142859,-0.6960000141857143,3.414416618571429,4.085714285714286
2022-04-11,13.054,1.4040000114285716,6.596262228571429,1.5714285857142858
2022-04-18,7.418285742857143,-2.631714157142857,1.4403096714285712,1.9285714285714286
2022-04-25,17.48257142857143,3.3468571251428574,9.37364317142857,2.571428557142857
2022-05-02,14.92542857142857,3.1754286285714284,8.2385239,7.885713999999999
2022-05-09,18.761142857142858,7.468285757142858,12.5298933,9.314285857142858
2022-05-16,23.94685714285714,11.389714285714286,17.254000357142857,1.6285714428571427
2022-05-23,19.018285714285717,8.2397143,13.429893242857144,0.6000000142857143
2022-05-30,25.296857142857142,11.861142857142855,18.384656,0.2571428571428572
2022-06-06,21.454,11.354,16.191798,3.4285711428571424
2022-06-13,26.33257142857143,15.411142857142858,20.540905857142857,4.314285857142857
2022-06-20,33.239714285714285,20.596857142857143,26.173346714285714,0.15714285714285717
2022-06-27,31.218285714285713,17.468285714285713,23.913524857142857,1.3571430000000002
2022-07-04,33.561142857142855,20.02542857142857,26.598345571428574,1.4714287142857143
2022-07-11,31.068285714285715,20.93257142857143,25.80370442857143,7.128571428571428
2022-07-18,34.646857142857144,20.968285714285713,27.021264142857145,0.41428568571428576
2022-07-25,33.88257142857143,21.02542857142857,27.30370457142857,0.04285714285714286
2022-08-01,30.689714285714285,18.27542857142857,24.20905971428571,0.4857142857142857
2022-08-08,33.72542857142857,20.118285714285715,26.09031142857143,2.6714285714285713
2022-08-15,32.411142857142856,21.003999999999998,26.313523714285715,1.6857141428571427
2022-08-22,29.475428571428573,17.696857142857144,23.136144142857145,0.042857142857142864
2022-08-29,29.28257142857143,19.125428571428568,24.124537,1.0714285714285714
2022-09-05,31.461142857142857,16.418285714285712,23.470072285714284,0.0
2022-09-12,29.161142857142856,14.818285714285713,21.412036142857144,0.5428571428571428
2022-09-19,27.861142857142855,15.568285714285713,21.457572857142857,0.014285714285714287
2022-09-26,23.154,11.839714328571429,17.047750857142855,0.4
2022-10-03,25.968285714285713,14.946857142857143,19.981677714285716,0.22857144285714284
2022-10-10,18.746857142857145,6.682571421428571,11.727512714285714,2.8
2022-10-17,14.07542857142857,5.782571454285715,9.992393199999999,0.15714286428571428
2022-10-24,17.204000042857142,4.496857185714286,10.219775,0.05714285714285715
2022-10-31,15.768285714285714,2.8182857142857145,8.59150047142857,0.6571428571428571
2022-11-07,13.339714285714285,2.0682857571428572,6.887928538571429,0.6142857142857142
2022-11-14,2.225428571428571,-6.445999957142858,-3.035582871428571,3.342857157142857
2022-11-21,0.1825714714285714,-8.731714285714286,-4.47129741,0.4714286
2022-11-28,8.189714328571428,-1.2459999614285715,2.2013216085714284,0.0
2022-12-05,4.3611429,-7.753142771428571,-3.006416530714286,0.25714287142857145
2022-12-12,2.5254285857142853,-6.824571400000001,-2.9662380157142856,0.028571428571428574
2022-12-19,-7.781714285714286,-11.817428557142858,-9.905821175714285,6.485713928571428
2022-12-26,-14.260285714185715,-24.17457142857143,-20.87843785714286,0.2714285714285714
2023-01-02,1.7539999985714285,-6.653142857142858,-2.8537381857142856,0.5
2023-01-09,-3.153142771428571,-10.003142771428571,-7.0653447,0.39999999999999997
2023-01-16,0.7397143457142857,-5.431714214285714,-2.5394523785714287,0.21428572857142858
2023-01-23,-1.9245714285714288,-8.160285757142857,-5.223975728571429,0.9999999428571428
2023-01-30,-3.8031428428571425,-13.838857142857142,-9.037369202857143,1.5571428142857144
2023-02-06,-0.38885708285714266,-11.060285714185714,-6.6820121071428575,0.04285714285714286
2023-02-13,7.825428585714286,-4.738857085714286,0.3129286614285714,0.04285714285714286
2023-02-20,5.854000042857143,-5.545999957142857,-1.0454046814285716,0.19999999999999998
2023-02-27,-4.817428571428572,-16.396,-11.46355908,3.199999857142857
2023-03-06,5.146857185714285,-5.1817142785714285,-1.1462974857142856,0.9285714285714286
2023-03-13,0.01114284857142865,-7.367428471428572,-4.5617735942857145,1.0285714714285714
2023-03-20,9.42542857142857,-6.3674285571428575,-0.9248689557142856,0.5285714428571429
2023-03-27,5.025428585714286,-5.8602855428571425,-1.2867737514285713,0.38571428571428573
2023-04-03,4.675428628571429,-6.081714257142857,-1.7064164557142856,3.8714285142857143
2023-04-10,5.3754285714285714,-5.860285642857143,-0.9995714285714286,3.385713914285714
2023-04-17,17.218285714285713,4.132571485714285,9.440012057142855,1.8571430142857144
2023-04-24,11.368285714285715,0.6468572142857143,5.714119357142857,1.3428571571428571
2023-05-01,16.07542857142857,3.3182857642857146,9.456678785714287,0.34285714285714286
2023-05-08,21.989714285714285,7.704,14.441500214285714,3.057143142857143
2023-05-15,22.854000000000003,12.875428571428571,17.2974525,7.7571435285714285
2023-05-22,24.225428571428573,9.568285714285713,16.787928285714283,0.14285714285714285
2023-05-29,28.204,17.118285714285715,22.700727,0.7714285714285715
2023-06-05,29.796857142857142,17.154,23.694180142857142,0.2714285714285714
2023-06-12,28.77542857142857,17.161142857142856,23.01233385714286,2.585714585714286
2023-06-19,28.839714285714283,15.496857142857142,21.934358142857143,0.41428571428571426
2023-06-26,28.846857142857143,18.039714285714286,22.75697657142857,8.371428357142857
2023-07-03,28.58257142857143,17.818285714285715,23.13911942857143,2.0857142142857144
2023-07-10,26.868285714285715,15.289714285714286,20.582273571428573,1.5571428142857144
2023-07-17,29.118285714285715,16.98257142857143,22.508464285714286,0.42857142857142855
2023-07-24,30.761142857142858,17.654,23.795965142857142,1.0714285285714287
2023-07-31,33.411142857142856,20.604000000000003,26.844773714285715,0.5571428571428572
2023-08-07,28.246857142857145,19.404,23.72542914285714,6.885714871428571
2023-08-14,28.296857142857142,16.761142857142858,21.77572685714286,4.2142860057142855
2023-08-21,33.26114285714286,18.718285714285713,24.57007242857143,0.0
2023-08-28,32.254000000000005,20.239714285714285,25.669178285714285,0.05714285714285715
2023-09-04,33.86114285714286,21.02542857142857,27.211739857142856,0.0
2023-09-11,25.796857142857142,13.961142857142859,19.01828642857143,2.0571428714285713
2023-09-18,25.804,12.932571428571427,19.298941714285714,0.05714285714285715
2023-09-25,24.368285714285715,15.203999999999999,19.42453742857143,7.214285685714286
2023-10-02,25.568285714285715,15.582571428571429,19.995667571428573,0.04285714285714286
2023-10-09,19.518285714285714,8.77542862857143,13.964417142857142,0.09999999999999999
2023-10-16,14.646857142857142,5.2682858,9.231084171428572,8.242856857142858
2023-10-23,19.789714285714286,7.725428571428571,13.188226571428572,0.7142857142857143
2023-10-30,7.275428571428571,-1.2745713714285714,2.3072740428571428,0.7999999714285714
2023-11-06,11.568285714285713,-0.0531428285714286,4.7051906,0.0
2023-11-13,10.8611429,0.6611429142857144,4.784357142857142,0.028571428571428574
2023-11-20,12.904,2.868285734285714,7.367095514285714,1.4142860000000002
2023-11-27,4.453999992857143,-4.553142857142857,-0.8192143142857145,0.15714285714285717
2023-12-04,5.796857157142857,-5.245999942857144,-0.6043332714285715,0.0
2023-12-11,8.518285742857143,-1.9031428434285718,2.4355476528571427,0.31428571428571433
2023-12-18,4.932571457142857,-3.446,0.3915001285714287,0.028571428571428574
2023-12-25,5.546857185714286,-2.3817142942857146,0.6135238357142858,2.3428571428571425
2024-01-01,0.4682857571428572,-6.538857142857142,-2.8525476747142853,5.471428514285714
2024-01-08,-2.2888571434285714,-8.795999914285714,-5.434392528571428,0.7285714285714285
2024-01-15,-12.410285714285715,-22.088857142857144,-17.77784557142857,0.6142857428571429
2024-01-22,-6.996,-17.17457142857143,-12.915047985714285,0.5714285714285714
2024-01-29,1.1325714585714286,-5.424571428571428,-2.1980834785714287,0.0
2024-02-05,7.446857142857143,-1.5174285571428572,1.9676905999999998,0.1285714285714286
2024-02-12,6.618285714285714,-1.938857127142857,1.5700714371428572,0.27142857142857146
2024-02-19,2.6254286571428573,-6.7317142571428565,-3.092726131428571,1.3000000914285714
2024-02-26,12.518285571428573,-0.2459999148571428,4.642095371428572,0.0
2024-03-04,11.461142857142859,-3.774571397142857,1.7031072985714282,0.19999999999999998
2024-03-11,10.268285742857143,-3.5817142857142854,2.145964327142857,0.2857142857142857
2024-03-18,12.132571428571428,-1.2388570457142856,4.515012231428572,0.0
2024-03-25,9.174000060000001,-3.71600002,1.0569166559999998,0.32
